Student_ID,Name,Gender,Age,City,Attendance,Study_Hours_Per_Day,Assignment_Score,Python,DAA,AIP,DBMS,Average,Grade,Result,Calculated_Average,Calculated_Result,Calculated_Grade
1001,Sahil Kumar,Male,24,Jaipur,70,2.6,92,82,78,63,69,73.0,B,Pass,73.0,Pass,B
1004,Arjun Mehta,Female,23,Jaipur,57,6.1,79,89,87,83,79,84.5,A,Pass,84.5,Pass,A
1006,Arjun Yadav,Female,22,Patna,65,3.6,58,61,54,67,64,61.5,C,Pass,61.5,Pass,C
1009,Pooja Yadav,Female,20,Jaipur,63,2.7,80,55,62,59,72,62.0,C,Pass,62.0,Pass,C
1010,Ananya Verma,Male,23,Gurugram,60,6.3,100,90,86,84,73,83.25,A,Pass,83.25,Pass,A
1012,Riya Mishra,Female,25,Patna,62,3.1,55,45,68,69,60,60.5,C,Pass,60.5,Pass,C
1015,Nisha Malhotra,Male,19,Gurugram,59,7.8,79,82,75,73,83,78.25,B,Pass,78.25,Pass,B
1018,Rahul Kumar,Male,25,Patna,59,4.6,62,66,62,82,83,73.25,B,Pass,73.25,Pass,B
1024,Vivaan Malhotra,Male,24,Patna,58,1.4,75,46,59,73,78,64.0,C,Pass,64.0,Pass,C
1025,Aditya Chauhan,Male,19,Mohali,59,5.7,60,56,81,63,67,66.75,C,Pass,66.75,Pass,C
1027,Mohit Kapoor,Female,22,Patna,59,1.1,84,89,60,68,65,70.5,B,Pass,70.5,Pass,B
1029,Sahil Joshi,Male,24,Ambala,74,7.5,51,84,77,84,83,82.0,A,Pass,82.0,Pass,A
1030,Riya Singh,Female,21,Mohali,68,6.0,58,69,59,70,75,68.25,C,Pass,68.25,Pass,C
1031,Muskan Chauhan,Male,19,Noida,72,1.3,66,65,51,64,77,64.25,C,Pass,64.25,Pass,C
1032,Riya Bansal,Female,23,Chandigarh,62,1.5,89,74,58,72,56,65.0,C,Pass,65.0,Pass,C
1037,Rahul Sharma,Male,22,Patna,72,7.1,94,84,96,69,100,87.25,A,Pass,87.25,Pass,A
1038,Riya Mehta,Male,19,Jaipur,66,5.1,61,83,73,65,84,76.25,B,Pass,76.25,Pass,B
1039,Isha Malhotra,Male,22,Mohali,67,2.8,90,62,73,76,60,67.75,C,Pass,67.75,Pass,C
1040,Yash Bansal,Male,21,Noida,59,7.6,66,70,68,92,91,80.25,A,Pass,80.25,Pass,A
1042,Ishaan Malhotra,Female,22,Ambala,55,3.1,58,53,65,58,55,57.75,D,Pass,57.75,Pass,D
1043,Neha Kapoor,Male,23,Gurugram,65,5.6,63,63,71,67,87,72.0,B,Pass,72.0,Pass,B
1044,Harsh Verma,Female,20,Delhi,64,1.2,60,71,57,62,51,60.25,C,Pass,60.25,Pass,C
1050,Isha Mehta,Female,22,Chandigarh,68,6.8,69,88,72,75,65,75.0,B,Pass,75.0,Pass,B
1052,Riya Mishra,Male,22,Delhi,72,4.1,46,60,74,73,56,65.75,C,Pass,65.75,Pass,C
1053,Sneha Patel,Male,23,Ambala,56,7.3,82,78,77,78,76,77.25,B,Pass,77.25,Pass,B
1059,Harsh Gupta,Male,25,Mohali,57,3.4,72,65,62,67,65,64.75,C,Pass,64.75,Pass,C
1064,Pooja Kapoor,Female,22,Chandigarh,60,3.1,70,64,58,59,62,60.75,C,Pass,60.75,Pass,C
1067,Rohan Gupta,Male,21,Karnal,74,1.1,79,68,66,73,68,68.75,C,Pass,68.75,Pass,C
1069,Pooja Kumar,Male,22,Gurugram,59,5.0,88,79,74,69,72,73.5,B,Pass,73.5,Pass,B
1071,Isha Gupta,Male,23,Ludhiana,68,5.4,61,71,68,76,77,73.0,B,Pass,73.0,Pass,B
1074,Sneha Singh,Male,19,Karnal,74,5.2,97,76,77,91,90,83.5,A,Pass,83.5,Pass,A
1078,Aman Kapoor,Female,25,Ambala,57,4.2,65,67,70,71,52,65.0,C,Pass,65.0,Pass,C
1079,Sneha Sharma,Female,22,Chandigarh,67,4.6,84,76,62,77,70,71.25,B,Pass,71.25,Pass,B
1080,Riya Singh,Female,22,Gurugram,62,1.2,85,59,58,70,72,64.75,C,Pass,64.75,Pass,C
1083,Aditya Gupta,Female,21,Ambala,72,6.7,63,77,62,70,74,70.75,B,Pass,70.75,Pass,B
1085,Nikhil Verma,Female,20,Noida,57,3.2,75,62,50,58,74,61.0,C,Pass,61.0,Pass,C
1086,Sneha Kapoor,Male,22,Chandigarh,63,4.5,82,72,75,76,70,73.25,B,Pass,73.25,Pass,B
1089,Riya Sharma,Male,20,Jaipur,69,6.2,72,92,75,79,75,80.25,A,Pass,80.25,Pass,A
1091,Mohit Mishra,Male,20,Karnal,60,5.3,69,68,66,77,70,70.25,B,Pass,70.25,Pass,B
1095,Yash Sharma,Female,25,Jaipur,69,5.2,67,76,78,76,88,79.5,B,Pass,79.5,Pass,B
1097,Muskan Gupta,Female,24,Noida,66,2.4,95,50,63,54,67,58.5,D,Pass,58.5,Pass,D
1098,Sneha Singh,Female,25,Gurugram,73,6.2,66,82,68,92,85,81.75,A,Pass,81.75,Pass,A
1100,Mohit Gupta,Female,25,Patna,61,5.7,75,92,76,60,68,74.0,B,Pass,74.0,Pass,B
1106,Rohan Kumar,Male,23,Delhi,69,3.3,54,69,54,64,89,69.0,C,Pass,69.0,Pass,C
1107,Krishna Joshi,Female,25,Karnal,62,5.6,46,75,73,73,60,70.25,B,Pass,70.25,Pass,B
1110,Isha Kapoor,Male,22,Gurugram,59,7.3,65,75,74,77,89,78.75,B,Pass,78.75,Pass,B
1112,Sahil Saini,Male,22,Gurugram,69,3.9,97,68,77,84,81,77.5,B,Pass,77.5,Pass,B
1113,Mohit Gupta,Female,20,Gurugram,59,1.6,50,61,58,58,43,55.0,D,Pass,55.0,Pass,D
1117,Muskan Kapoor,Female,19,Karnal,72,5.9,64,84,72,80,81,79.25,B,Pass,79.25,Pass,B
1118,Mohit Yadav,Male,20,Chandigarh,60,6.2,58,67,77,78,79,75.25,B,Pass,75.25,Pass,B
1119,Priya Mishra,Male,19,Karnal,65,6.3,48,70,66,69,65,67.5,C,Pass,67.5,Pass,C
1120,Neha Yadav,Female,20,Ambala,62,3.4,52,62,74,54,65,63.75,C,Pass,63.75,Pass,C
1121,Vivaan Verma,Female,23,Chandigarh,55,2.4,58,62,45,60,64,57.75,D,Pass,57.75,Pass,D
1124,Aman Kumar,Female,19,Patna,65,6.6,84,69,82,76,87,78.5,B,Pass,78.5,Pass,B
1126,Simran Kapoor,Male,23,Ambala,67,7.3,67,68,95,79,77,79.75,B,Pass,79.75,Pass,B
1133,Diya Yadav,Female,24,Mohali,58,6.5,86,75,83,72,76,76.5,B,Pass,76.5,Pass,B
1137,Rohan Verma,Male,20,Ludhiana,73,6.9,51,68,76,79,68,72.75,B,Pass,72.75,Pass,B
1138,Mohit Mehta,Male,23,Noida,64,2.1,98,65,57,81,62,66.25,C,Pass,66.25,Pass,C
1142,Nikhil Chauhan,Male,21,Ludhiana,65,2.9,77,74,73,75,66,72.0,B,Pass,72.0,Pass,B
1143,Neha Saini,Female,19,Noida,58,3.8,68,70,91,67,69,74.25,B,Pass,74.25,Pass,B
1144,Muskan Kumar,Female,25,Karnal,63,1.3,98,52,67,68,58,61.25,C,Pass,61.25,Pass,C
1145,Meera Sharma,Male,19,Jaipur,68,6.8,80,92,76,70,88,81.5,A,Pass,81.5,Pass,A
1147,Aarav Kapoor,Male,24,Karnal,73,4.0,84,69,82,81,86,79.5,B,Pass,79.5,Pass,B
1151,Neha Sharma,Female,20,Chandigarh,67,7.2,65,89,74,91,79,83.25,A,Pass,83.25,Pass,A
1152,Karan Sharma,Male,21,Patna,58,7.1,66,75,89,70,80,78.5,B,Pass,78.5,Pass,B
1156,Sahil Yadav,Female,23,Karnal,56,2.0,83,60,54,69,68,62.75,C,Pass,62.75,Pass,C
1157,Sahil Mehta,Female,22,Mohali,57,5.2,88,67,75,73,76,72.75,B,Pass,72.75,Pass,B
1159,Arjun Gupta,Female,24,Gurugram,68,8.0,63,72,53,84,86,73.75,B,Pass,73.75,Pass,B
1160,Aditya Patel,Male,24,Gurugram,60,6.7,99,94,79,81,72,81.5,A,Pass,81.5,Pass,A
1162,Rohan Mishra,Male,20,Gurugram,56,3.5,81,58,77,59,64,64.5,C,Pass,64.5,Pass,C
1165,Arjun Joshi,Male,21,Karnal,65,3.3,90,75,89,66,71,75.25,B,Pass,75.25,Pass,B
1166,Aditya Gupta,Male,24,Ambala,72,1.9,64,63,61,59,57,60.0,C,Pass,60.0,Pass,C
1169,Aman Patel,Male,25,Noida,74,4.2,89,85,78,73,78,78.5,B,Pass,78.5,Pass,B
1171,Arjun Gupta,Female,20,Karnal,61,1.4,69,67,53,79,57,64.0,C,Pass,64.0,Pass,C
1174,Riya Sharma,Male,22,Karnal,71,6.1,93,81,82,94,86,85.75,A,Pass,85.75,Pass,A
1179,Priya Kapoor,Male,22,Mohali,74,6.6,91,93,75,81,81,82.5,A,Pass,82.5,Pass,A
1181,Mohit Verma,Male,23,Ludhiana,67,1.1,65,54,63,65,70,63.0,C,Pass,63.0,Pass,C
1184,Rahul Gupta,Female,20,Jaipur,73,5.9,89,80,73,72,97,80.5,A,Pass,80.5,Pass,A
1188,Vivaan Kumar,Female,21,Gurugram,61,5.8,53,82,70,80,68,75.0,B,Pass,75.0,Pass,B
1189,Muskan Saini,Female,22,Delhi,73,3.2,86,86,76,71,69,75.5,B,Pass,75.5,Pass,B
1190,Yash Bansal,Male,20,Noida,66,7.5,47,85,75,59,78,74.25,B,Pass,74.25,Pass,B
1191,Aditi Saini,Female,19,Chandigarh,74,5.0,51,79,68,63,76,71.5,B,Pass,71.5,Pass,B
1194,Simran Mehta,Male,22,Ludhiana,66,7.9,75,81,87,84,89,85.25,A,Pass,85.25,Pass,A
1204,Riya Yadav,Male,24,Delhi,55,6.3,64,61,74,67,77,69.75,C,Pass,69.75,Pass,C
1205,Rahul Verma,Female,21,Karnal,72,2.3,91,72,67,66,62,66.75,C,Pass,66.75,Pass,C
1206,Muskan Saini,Male,20,Delhi,59,1.7,47,46,59,63,53,55.25,D,Pass,55.25,Pass,D
1207,Vivaan Yadav,Female,20,Ambala,68,6.3,94,91,84,80,97,88.0,A,Pass,88.0,Pass,A
1209,Aman Gupta,Male,23,Mohali,66,5.4,72,73,72,70,85,75.0,B,Pass,75.0,Pass,B
1211,Aditi Bansal,Male,25,Gurugram,58,4.9,71,67,68,72,76,70.75,B,Pass,70.75,Pass,B
1212,Sahil Kumar,Female,25,Patna,60,4.7,98,78,80,72,66,74.0,B,Pass,74.0,Pass,B
1217,Kavya Malhotra,Female,21,Karnal,67,3.3,69,63,64,52,63,60.5,C,Pass,60.5,Pass,C
1219,Nisha Joshi,Male,23,Chandigarh,59,7.6,87,83,81,91,91,86.5,A,Pass,86.5,Pass,A
1222,Nikhil Kapoor,Female,25,Karnal,61,7.4,78,84,83,67,78,78.0,B,Pass,78.0,Pass,B
1227,Krishna Mishra,Female,19,Jaipur,65,4.9,81,79,66,82,71,74.5,B,Pass,74.5,Pass,B
1229,Harsh Malhotra,Female,25,Patna,56,5.4,95,86,74,65,91,79.0,B,Pass,79.0,Pass,B
1230,Isha Singh,Female,19,Mohali,73,6.6,90,90,85,75,94,86.0,A,Pass,86.0,Pass,A
1231,Krishna Bansal,Female,21,Patna,61,1.6,64,48,63,65,63,59.75,D,Pass,59.75,Pass,D
1232,Isha Patel,Female,19,Chandigarh,60,3.5,50,52,54,66,63,58.75,D,Pass,58.75,Pass,D
1233,Isha Yadav,Male,24,Ambala,70,5.0,55,70,66,73,79,72.0,B,Pass,72.0,Pass,B
1235,Meera Malhotra,Male,22,Ludhiana,63,3.1,70,62,75,70,60,66.75,C,Pass,66.75,Pass,C
1239,Isha Kapoor,Female,20,Jaipur,70,2.8,54,62,50,88,76,69.0,C,Pass,69.0,Pass,C
1242,Diya Mishra,Female,25,Noida,61,1.1,61,61,70,48,54,58.25,D,Pass,58.25,Pass,D
1245,Yash Bansal,Female,21,Ludhiana,74,1.3,90,80,77,63,59,69.75,C,Pass,69.75,Pass,C
1254,Aman Sharma,Female,20,Ambala,73,2.2,74,56,61,60,69,61.5,C,Pass,61.5,Pass,C
1258,Ananya Joshi,Female,23,Ambala,65,3.3,90,69,80,82,69,75.0,B,Pass,75.0,Pass,B
1259,Nisha Kapoor,Male,20,Noida,58,7.9,100,78,73,89,89,82.25,A,Pass,82.25,Pass,A
1261,Nisha Mishra,Male,22,Ambala,72,5.9,68,69,79,65,70,70.75,B,Pass,70.75,Pass,B
1263,Sneha Verma,Female,21,Patna,73,3.4,81,84,83,78,57,75.5,B,Pass,75.5,Pass,B
1264,Harsh Sharma,Male,19,Gurugram,56,1.9,99,71,72,76,66,71.25,B,Pass,71.25,Pass,B
1265,Nikhil Saini,Male,24,Jaipur,65,7.1,62,85,80,90,84,84.75,A,Pass,84.75,Pass,A
1267,Krishna Malhotra,Male,23,Gurugram,55,1.1,66,68,34,55,60,54.25,D,Fail,54.25,Fail,D
1268,Aditya Verma,Female,19,Ludhiana,61,3.2,64,75,74,67,61,69.25,C,Pass,69.25,Pass,C
1269,Mohit Singh,Male,23,Mohali,55,5.3,55,56,71,66,65,64.5,C,Pass,64.5,Pass,C
1270,Isha Malhotra,Female,25,Delhi,60,7.3,53,76,63,61,89,72.25,B,Pass,72.25,Pass,B
1276,Riya Joshi,Male,21,Ludhiana,74,1.6,58,69,61,60,73,65.75,C,Pass,65.75,Pass,C
1277,Harsh Chauhan,Male,21,Noida,70,1.4,50,64,57,60,59,60.0,C,Pass,60.0,Pass,C
1279,Yash Gupta,Male,21,Karnal,72,6.1,52,76,72,79,70,74.25,B,Pass,74.25,Pass,B
1281,Nisha Malhotra,Male,20,Ambala,55,1.3,100,67,63,54,78,65.5,C,Pass,65.5,Pass,C
1282,Ishaan Saini,Male,23,Noida,69,3.3,71,76,64,76,61,69.25,C,Pass,69.25,Pass,C
1284,Priya Kumar,Female,19,Patna,67,3.0,95,69,81,63,75,72.0,B,Pass,72.0,Pass,B
1285,Pooja Mishra,Male,24,Ambala,70,2.1,71,76,66,59,57,64.5,C,Pass,64.5,Pass,C
1286,Aarav Mehta,Male,25,Noida,74,1.7,78,76,65,90,63,73.5,B,Pass,73.5,Pass,B
1287,Krishna Bansal,Female,19,Chandigarh,69,7.3,78,68,90,71,86,78.75,B,Pass,78.75,Pass,B
1288,Kavya Kumar,Male,24,Noida,59,5.1,48,49,74,69,74,66.5,C,Pass,66.5,Pass,C
1292,Ananya Yadav,Male,24,Jaipur,71,6.7,56,86,77,66,82,77.75,B,Pass,77.75,Pass,B
1293,Rahul Kumar,Female,19,Karnal,62,1.1,98,67,58,69,73,66.75,C,Pass,66.75,Pass,C
1294,Mohit Kapoor,Male,23,Mohali,71,7.4,49,82,77,87,74,80.0,A,Pass,80.0,Pass,A
1296,Isha Singh,Female,20,Karnal,72,3.0,54,78,67,68,73,71.5,B,Pass,71.5,Pass,B
1297,Isha Saini,Female,19,Ludhiana,72,3.7,71,77,86,62,70,73.75,B,Pass,73.75,Pass,B
1299,Aarav Mehta,Male,19,Jaipur,58,6.7,75,64,73,100,77,78.5,B,Pass,78.5,Pass,B
1300,Arjun Verma,Male,21,Ambala,58,6.3,59,53,61,60,85,64.75,C,Pass,64.75,Pass,C
